{
  "cv_results": {
    "k": 10,
    "rmse": {
      "mean": 0.04063184179526982,
      "std": 0.0031296512948849674,
      "per_fold": [
        0.042046095882043916,
        0.037197011327077666,
        0.03607900343072243,
        0.03933595445971875,
        0.040170662420005145,
        0.039893578497652,
        0.040670134320361095,
        0.04838877576389734,
        0.041244088231046416,
        0.04129311362017343
      ]
    },
    "mae": {
      "mean": 0.029135071969032277,
      "std": 0.002403205944924049,
      "per_fold": [
        0.02968786650896064,
        0.02806004917621611,
        0.027899198353290588,
        0.028864450752735128,
        0.030058849930763232,
        0.02679665946960446,
        0.02781522744894026,
        0.0357276871204376,
        0.02735646903514859,
        0.029084261894226117
      ]
    },
    "r2": {
      "mean": 0.994799892725999,
      "std": 0.0008294883776551867,
      "per_fold": [
        0.9944024102412723,
        0.9932509002361061,
        0.9961030720738133,
        0.9952526003016924,
        0.9950659457953206,
        0.9944976620461767,
        0.9955201391424892,
        0.9936135677553716,
        0.9949322435186428,
        0.9953603861491053
      ]
    }
  },
  "ablation_study": {
    "baseline_r2": 0.9942674968664418,
    "ablations": {
      "data": {
        "r2": 0.991913791895052,
        "delta_r2": 0.0023537049713897584
      },
      "talent": {
        "r2": 0.9932921687767742,
        "delta_r2": 0.0009753280896676042
      },
      "technology": {
        "r2": 0.9936705159199544,
        "delta_r2": 0.0005969809464874132
      },
      "strategy": {
        "r2": 0.992684450970866,
        "delta_r2": 0.0015830458955757853
      },
      "processes": {
        "r2": 0.993457729713921,
        "delta_r2": 0.0008097671525207906
      }
    }
  },
  "test_metrics": {
    "rmse": 0.0361623863193218,
    "mae": 0.02792526516914367,
    "r2": 0.9955552686330807
  },
  "n_train": 800,
  "n_test": 200,
  "n_features": 45
}