{
  "manufacturing": {
    "n": 162,
    "mean_score": 2.6396296296296295,
    "std_score": 0.32820212089520456,
    "p25": 2.44,
    "p50": 2.6100000000000003,
    "p75": 2.8575000000000004,
    "dim_means": {
      "data": 2.388888888888889,
      "talent": 2.3469135802469134,
      "technology": 2.575308641975309,
      "strategy": 2.6370370370370373,
      "processes": 3.537037037037037
    }
  },
  "banking_insurance": {
    "n": 122,
    "mean_score": 3.095737704918033,
    "std_score": 0.3255305092474243,
    "p25": 2.87,
    "p50": 3.075,
    "p75": 3.3275,
    "dim_means": {
      "data": 3.41967213114754,
      "talent": 2.9049180327868855,
      "technology": 2.5475409836065577,
      "strategy": 3.1131147540983606,
      "processes": 3.518032786885246
    }
  },
  "tech_software": {
    "n": 134,
    "mean_score": 4.028507462686567,
    "std_score": 0.2911798851359746,
    "p25": 3.8625000000000003,
    "p50": 4.049999999999999,
    "p75": 4.220000000000001,
    "dim_means": {
      "data": 4.0776119402985085,
      "talent": 4.267164179104477,
      "technology": 4.205970149253732,
      "strategy": 3.8701492537313436,
      "processes": 3.602985074626866
    }
  },
  "fintech": {
    "n": 75,
    "mean_score": 3.676666666666666,
    "std_score": 0.33081117882567995,
    "p25": 3.47,
    "p50": 3.68,
    "p75": 3.91,
    "dim_means": {
      "data": 3.810666666666666,
      "talent": 3.8213333333333335,
      "technology": 3.9573333333333336,
      "strategy": 3.5813333333333337,
      "processes": 3.0133333333333336
    }
  },
  "retail_ecommerce": {
    "n": 116,
    "mean_score": 3.2958620689655165,
    "std_score": 0.3367312667795886,
    "p25": 3.08,
    "p50": 3.31,
    "p75": 3.5325,
    "dim_means": {
      "data": 3.5379310344827584,
      "talent": 3.179310344827586,
      "technology": 3.222413793103448,
      "strategy": 3.4413793103448276,
      "processes": 2.951724137931034
    }
  },
  "professional_services": {
    "n": 102,
    "mean_score": 3.0430392156862753,
    "std_score": 0.33030675576250196,
    "p25": 2.8525,
    "p50": 3.035,
    "p75": 3.27,
    "dim_means": {
      "data": 2.907843137254902,
      "talent": 3.3411764705882354,
      "technology": 2.7784313725490186,
      "strategy": 3.1901960784313728,
      "processes": 3.0274509803921568
    }
  },
  "healthcare": {
    "n": 105,
    "mean_score": 2.746761904761905,
    "std_score": 0.32442106791025355,
    "p25": 2.5199999999999996,
    "p50": 2.71,
    "p75": 3.0,
    "dim_means": {
      "data": 2.7695238095238097,
      "talent": 2.5657142857142854,
      "technology": 2.5104761904761905,
      "strategy": 2.8171428571428567,
      "processes": 3.171428571428571
    }
  },
  "energy_utilities": {
    "n": 65,
    "mean_score": 2.760615384615385,
    "std_score": 0.292290934489278,
    "p25": 2.61,
    "p50": 2.7600000000000002,
    "p75": 2.98,
    "dim_means": {
      "data": 2.8,
      "talent": 2.378461538461538,
      "technology": 2.7169230769230768,
      "strategy": 2.7938461538461543,
      "processes": 3.2184615384615385
    }
  },
  "education": {
    "n": 58,
    "mean_score": 2.599310344827586,
    "std_score": 0.36867644764617374,
    "p25": 2.3825,
    "p50": 2.5700000000000003,
    "p75": 2.85,
    "dim_means": {
      "data": 2.5413793103448277,
      "talent": 2.7034482758620686,
      "technology": 2.4793103448275864,
      "strategy": 2.586206896551724,
      "processes": 2.7344827586206892
    }
  },
  "logistics": {
    "n": 61,
    "mean_score": 2.8340983606557377,
    "std_score": 0.3117016578352893,
    "p25": 2.63,
    "p50": 2.8,
    "p75": 3.0700000000000003,
    "dim_means": {
      "data": 2.6163934426229503,
      "talent": 2.639344262295082,
      "technology": 2.911475409836066,
      "strategy": 2.7868852459016398,
      "processes": 3.4163934426229514
    }
  }
}